{
    "tolerances": { "model_tolerance": 0.001 },
    "version_number": 1,
    "breps": [
      {
        "brep_id": 1,
        "faces": [
          {
            "brep_id": 2,
            "swapped_surface_normal": false,
            "surface": {
              "is_trimmed": true,
              "is_rational": false,
              "degrees": [ 3, 3 ],
              "knot_vectors": [
                [ 0, 0, 0, 0, 0.5, 1, 1, 1, 1 ],
                [ 0, 0, 0, 0, 0.5, 1, 1, 1, 1 ]
              ],
              "control_points": [
                [
                  1,
                  [ 0, 0, 0, 1 ]
                ],
                [
                  2,
                  [ 0.16666666666666663, 0, 0, 1 ]
                ],
                [
                  3,
                  [ 0.49999999999999994, 0, 0, 1 ]
                ],
                [
                  4,
                  [ 0.83333333333333326, 0, 0, 1 ]
                ],
                [
                  5,
                  [ 1, 0, 0, 1 ]
                ],
                [
                  6,
                  [ 0, 0.16666666666666663, 0, 1 ]
                ],
                [
                  7,
                  [ 0.16666666666666663, 0.16666666666666663, 0, 1 ]
                ],
                [
                  8,
                  [ 0.5, 0.16666666666666663, 0, 1 ]
                ],
                [
                  9,
                  [ 0.83333333333333326, 0.16666666666666663, 0, 1 ]
                ],
                [
                  10,
                  [ 0.99999999999999978, 0.16666666666666663, 0, 1 ]
                ],
                [
                  11,
                  [ 0, 0.49999999999999994, 0, 1 ]
                ],
                [
                  12,
                  [ 0.1666666666666666, 0.49999999999999989, 0, 1 ]
                ],
                [
                  13,
                  [ 0.49999999999999989, 0.49999999999999989, 0, 1 ]
                ],
                [
                  14,
                  [ 0.83333333333333326, 0.49999999999999994, 0, 1 ]
                ],
                [
                  15,
                  [ 0.99999999999999978, 0.49999999999999994, 0, 1 ]
                ],
                [
                  16,
                  [ 0, 0.83333333333333326, 0, 1 ]
                ],
                [
                  17,
                  [ 0.16666666666666663, 0.83333333333333315, 0, 1 ]
                ],
                [
                  18,
                  [ 0.49999999999999989, 0.83333333333333315, 0, 1 ]
                ],
                [
                  19,
                  [ 0.83333333333333326, 0.83333333333333326, 0, 1 ]
                ],
                [
                  20,
                  [ 1, 0.83333333333333326, 0, 1 ]
                ],
                [
                  21,
                  [ 0, 1, 0, 1 ]
                ],
                [
                  22,
                  [ 0.16666666666666663, 0.99999999999999978, 0, 1 ]
                ],
                [
                  23,
                  [ 0.49999999999999994, 0.99999999999999978, 0, 1 ]
                ],
                [
                  24,
                  [ 0.83333333333333326, 1, 0, 1 ]
                ],
                [
                  25,
                  [ 1, 1, 0, 1 ]
                ]
              ]
            },
            "boundary_loops": [
              {
                "loop_type": "outer",
                "trimming_curves": [
                  {
                    "trim_index": 0,
                    "curve_direction": true,
                    "parameter_curve": {
                      "is_rational": false,
                      "degree": 1,
                      "knot_vector": [ 0, 0, 1, 1 ],
                      "active_range": [ 0, 1 ],
                      "control_points": [
                        [
                          26,
                          [ 0, 0, 0, 1 ]
                        ],
                        [
                          27,
                          [ 1, 0, 0, 1 ]
                        ]
                      ]
                    }
                  },
                  {
                    "trim_index": 1,
                    "curve_direction": true,
                    "parameter_curve": {
                      "is_rational": false,
                      "degree": 1,
                      "knot_vector": [ 0, 0, 1, 1 ],
                      "active_range": [ 0, 1 ],
                      "control_points": [
                        [
                          28,
                          [ 1, 0, 0, 1 ]
                        ],
                        [
                          29,
                          [ 1, 1, 0, 1 ]
                        ]
                      ]
                    }
                  },
                  {
                    "trim_index": 2,
                    "curve_direction": true,
                    "parameter_curve": {
                      "is_rational": false,
                      "degree": 1,
                      "knot_vector": [ 0, 0, 1, 1 ],
                      "active_range": [ 0, 1 ],
                      "control_points": [
                        [
                          30,
                          [ 1, 1, 0, 1 ]
                        ],
                        [
                          31,
                          [ 0, 1, 0, 1 ]
                        ]
                      ]
                    }
                  },
                  {
                    "trim_index": 3,
                    "curve_direction": true,
                    "parameter_curve": {
                      "is_rational": false,
                      "degree": 1,
                      "knot_vector": [ 0, 0, 1, 1 ],
                      "active_range": [ 0, 1 ],
                      "control_points": [
                        [
                          32,
                          [ 0, 1, 0, 1 ]
                        ],
                        [
                          33,
                          [ 0, 0, 0, 1 ]
                        ]
                      ]
                    }
                  }
                ]
              }
            ],
            "embedded_loops": [],
            "embedded_edges": [],
            "embedded_points": []
          }
        ],
        "edges": [
          {
            "brep_id": 3,
            "3d_curve": {
              "degree": 3,
              "knot_vector": [ 0, 0, 0, 0, 1, 1, 1, 1 ],
              "active_range": [ 0, 1 ],
              "control_points": [
                [
                  34,
                  [ 0, 0, 0, 1 ]
                ],
                [
                  35,
                  [ 0.33333333333333326, 0, 0, 1 ]
                ],
                [
                  36,
                  [ 0.66666666666666663, 0, 0, 1 ]
                ],
                [
                  37,
                  [ 1, 0, 0, 1 ]
                ]
              ]
            },
            "topology": [
              {
                "brep_id": 2,
                "trim_index": 0,
                "relative_direction": true
              }
            ]
          },
          {
            "brep_id": 4,
            "3d_curve": {
              "degree": 3,
              "knot_vector": [ 0, 0, 0, 0, 1, 1, 1, 1 ],
              "active_range": [ 0, 1 ],
              "control_points": [
                [
                  38,
                  [ 1, 0, 0, 1 ]
                ],
                [
                  39,
                  [ 0.99999999999999967, 0.33333333333333326, 0, 1 ]
                ],
                [
                  40,
                  [ 1, 0.66666666666666663, 0, 1 ]
                ],
                [
                  41,
                  [ 1, 1, 0, 1 ]
                ]
              ]
            },